full_text,label
banget liat garudamendunia pssi erickthohir sepakbola garudamuda sepakbolaindonesia timnas,2
gaskeun liga penonton udah ga sabar pssi sepakbola liga erickthohir liga sepakbolaindonesia,2
jis direnovasi gara gara pssi beli bus tingkat bener nggak ya postingan coba dicek kuy jis jakartainternationalstadium pssi bustingkat hoaks cekfakta hoaksataufakta,0
persita tangerang vs psm makassar persita psmmakassar prediksiskor pssi briliga headtohead radarpena,0
prediksi skor persia vs psm makassar liga pekan prediksi persitatangerang psmmakassar liga pssi headtohead,0
jelang tantang persis bri liga bojan hodak istirahatkan pemain persi berita selengkapnya berita ligasatuindonesia briliga pssi persi persibbandung,0
kalah uji coba bima sakti dipecat kepelatihan timnas indonesia u cek prediksi linkstreaming livestreaming timnas indonesia pssi bimasakti,0
bri liga current standings aff pssi graphic courtesy liga,0
indonesia pro futsal league today s fixtures aff pssi graphic courtesy ffi,0
lagu viral pssi menyambut kemerdekaan ri by muhammad ari pratomo muhammadarilaw pssi indonesia duniabola viral,0
