date,username,tweet,label
2023-03-30 23:53:05+00:00,nusabalicom,Insan Sepak Bola Bali Ungkapkan Rasa Kecewa https://t.co/GtFDQD4Z56 #Sepakbola #beritabola #beritaolahraga #nusabali #PSSI #pialaduniau20,3
2023-03-30 23:40:53+00:00,rendytriawan88,Terima kasih untuk semua pihak yang telah berjuang untuk sepakbola Indonesia #terimakasih #sepakbolaindonesia #erickthohir #menteriterbaik #ketuapssi #pssi #fifa #fifaworldcupU20 #andovi #jovi #najwashihab https://t.co/FIMlCvFEKx,3
2023-03-30 23:29:56+00:00,RoketIndo,"Kerja! Kerja! Kerja!
Tanpa mengenal lelah selalu bergerak maju membawa #BUMN kearah yang lebih baik ..

Walau sedang dalam cobaan di #PSSI tapi kami yakin , bapak dapat membawa sepakbola Indonesia kearah yang lebih baik

#KerjaSatsET #TimnasIndonesia #PialaDuniaU20 #FIFA https://t.co/OBY01eEZCG",3
2023-03-30 23:26:34+00:00,amoysh,Benang kusut....ğŸ˜ #pialaduniau20 #WorldCup2023 #FIFA #kanjuruhan #sepakbola #pssi #football https://t.co/MlUynkvDZu,1
2023-03-30 23:23:40+00:00,Pulpendid,"Pesan Presiden Joko Widodo setelah FIFA membatalkan Indonesia sebagai tuan rumah Piala Dunia U-20.

Pesan Presiden Joko Widodo setelah FIFA membatalkan Indonesia sebagai tuan rumah Piala Dunia U-20.

 #jokowi #sepakbola #pssi #pialaduniau20 https://t.co/vMxdoDn9Ap",2
2023-03-30 23:22:37+00:00,suhmind,"ada yang batal tapi bukan puasa, Ganjar merasa kecewa. Enteng ngomongnya ya pak..
#PSSI #Ganjar #Israel #u20 https://t.co/7iWm4gAGF1",1
2023-03-30 23:21:54+00:00,tegarwadesta,Terima kasih telah berjuang demi sepakbola Indonesia Pak Erick Thohir #erickthohir #sepakbolaindonesia #erickthohirsolusirakyat #menteriterbaik #ketuapssi #pssi #fifaworldcupU20 #pialaduniau20 https://t.co/9BU9EGgL7L,3
2023-03-30 23:03:32+00:00,ariefalay66,Terimakasih Erick Thohir yang sudah berjuang untuk sepakbola Indonesia #erickthohirwapres #erickthohir #ketuapssi #menteriterbaik #erickthohirsolusirakyat #pssi #fifaworldcupU20 #pialaduniau20 https://t.co/VPBWfNdSl9,3
2023-03-30 22:59:04+00:00,kasatyo,"Batal Tuan Rumah PD U-20, Indonesia Mungkin Disanksi FIFA Tak Ikut Kualifikasi Piala Dunia 2026 https://t.co/OMCIW6SxML
#PialaDuniaBatalKarnaIni #pialaduniau20 #PialaDuniaU20Indonesia #pialaduniau20harussukses #PSSI #ErickThohir #FIFA #Israel",2
2023-03-30 22:58:04+00:00,Beritabaruco,"Jika Tidak Kena Sanksi FIFA, Indonesia Berada di Pot 4 Piala Asia 2023 https://t.co/HHrB8sCJmD #FIFA #PDIP #PialaAsia2023 #PialaDuniaU20 #PSSI https://t.co/o0QNv2QhO0",2
2023-03-30 22:47:01+00:00,murianewscom,"Karangan Bunga Memenuhi HalamanÂ  Kantor PSSI 

Selengkapnya Klik Tautan Berikut ini 
#InfoOlahraga #PialaduniaU20 #indonesia2023 #KantorPSSI #PSSI #Karanganbunga
 https://t.co/pRJ0yW9LEk",3
2023-03-30 22:35:55+00:00,IdChannel9,"Segini Biaya yang Sudah Dikeluarkan Pemerintah untuk Piala Dunia, Nilainya Fantastis!...
#FIFAU20 
#FIFA
#PSSI 
#Indonesia 
#pialaduniau20 

https://t.co/V3enM1mwtm",2
2023-03-30 22:28:22+00:00,jahyantomaripik,"tetap berdiri dengan kepala tegak 
#PSSI https://t.co/zOu95vHvQ3",3
2023-03-30 22:27:56+00:00,lazwardi27,"Codashop lagi bagi bagi diamond gratis nih guys khusus di bulan ramadhan aja, lumayan kan diamondnya bisa buat spinÂ²!!!

Untuk linknya ada di bio yağŸ‘ŒğŸ‘Œ

#FreeFire #codashop #GamersUnite #Ganjar #Israel #Palestine #PDIP #PialaDuniaBatalKarnaIni #PSSI https://t.co/rMrvYJFjRT",2
2023-03-30 22:21:21+00:00,uraridho,@erickthohir Kalo dipikir2 saya pribadi hnya emosi sesaat dan nyata nya klo dicermati fifa jg sudah sering bikin kontroversi pd keputusannya lucunya kl ini fifa sudah tau jauh2 hr bahwa Indonesia ada kejadian kanjuruhan dan israel tp bersikap tanpa kompromi dan prediksi. Save #PSSI #Erick,1
2023-03-30 22:18:38+00:00,harianganjar,"Ambil sisi positif ! Ganjar berkaca pada komitmen pendiri bangsa Indonesia yaitu Bung Karno terhadap Palestina.

#ganjarpranowo #Ganjar  #pilpres2024 #pemiluserentak2024 #jateng #jawatengah #pssi #fifa #israel #palestina #indonesia #pialaduniau20 #soekarno https://t.co/BAERUCm8FK",3
2023-03-30 22:14:48+00:00,nuelpabloo,Tolong 2 orang ini dikasih sanksi karena jadi penyebab Indonesia gagal menjadi tuan rumah piala dunia u20. Meskipun Indonesia gagal menjadi jadi tuan rumah setidaknya 2 orang ini diberikan hukuman yang setimpal.  #TimnasU20 @erickthohir @jokowi #Ganjar #PSSI #IndonesiaDiBanFIFA https://t.co/tCaaKyIUF4,1
2023-03-30 22:09:30+00:00,DepokTodayCom,"PDIP Dihujat Usai Indonesia Gagal Jadi Tuan Rumah Piala Dunia, Putra Nababan: Risiko Sampaikan Kebenaran https://t.co/7Oop46OjJM

#PutraNababan #PialaDuniaBatalKarnaIni #pialaduniau20 #PialaDuniaU20Indonesia #PSSI #depok #PDIP",2
2023-03-30 22:08:17+00:00,DepokTodayCom,"Piala Dunia U-20 Resmi Batal, PSSI Kini Pikirkan Sanksi FIFA yang bakal Diterima  https://t.co/ZfgSI7zaX6

#PSSI #PialaDuniaBatalKarnaIni #pialaduniau20 #PialaDuniaU20Indonesia #sanksi #FIFA",1
2023-03-30 22:05:07+00:00,DepokTodayCom,"Piala Dunia U-20 Indonesia Batal, Kadek Arel: Terkubur Sudah Mimpi Kita Semua https://t.co/rCC3UW2E7u

#PialaDuniaBatalKarnaIni #pialaduniau20 #PialaDuniaU20Indonesia #depok #PSSI #Indonesia",2
2023-03-30 22:04:08+00:00,uraridho,@FaktaSepakbola Kalo dipikir2 saya pribadi hnya emosi sesaat dan nyata nya klo dicermati fifa jg sudah sering bikin kontroversi pd keputusannya lucunya kl ini fifa sudah tau jauh2 hr bahwa Indonesia ada kejadian kanjuruhan dan israel tp bersikap tanpa kompromi dan prediksi. Save #PSSI #Ganjar,1
2023-03-30 22:01:10+00:00,nuelpabloo,Selamat malam ketua PSSI pa @erickthohir dan bapa presiden @jokowi. Kita sebagai warga negara Indonesia dan pemain timnas sgt terpukul karena Indonesia batal menjadi tuan rumah pildun u20. Mohon berikan sanksi kpd oknum yang menjadi penyebab masalah ini. #Ganjar #TimnasU20 #PSSI,1
2023-03-30 21:52:59+00:00,Rismawan211,"liga 2 di korbankan, uang rakyat di hambur""kan, kenyataan gagal jadi tuan rumah Piala Dunia U-20, Agama politik, olahraga di Indonesia semua di campur adukan demi kepentingan pribadi. 

#Indonesia #Palestine #Israel #FIFAU20 #BANNED #PSSI #GanjarPranowo #PDIP #iwayankoster #PKS",1
2023-03-30 21:50:39+00:00,domyaji,"Masih KZL sama deramak ini, tapi emang bener sih kata Coach Timnas U20 Jepang ğŸ˜”#SemangatTimnasU20 #PSSI #AFCU20 https://t.co/cKAd9TpqH8",1
2023-03-30 21:49:11+00:00,SatyaAdityaWib1,Sekarang politikus menyalahkan #FIFA. Ga ada yg berani ngaca. #PSSI,1
2023-03-30 21:46:25+00:00,adhiafauzan,"Pencabutan status tuan rumah Indonesia adalah murni soal intervensi politik dalam sepak bola. Bukan yang lain. 

Everything under the Indonesiaâ€™s sky is religious and political affairs 

#FIFAU20 
#PSSI",1
2023-03-30 21:44:51+00:00,hulubalang25,"Sepak bola hanya menyenangkan masyarakat saja, sedangkan sebagian lagi ada yg tidak peduli, yg penting bisa cari makan dgn tenang dlm situasi keamanan dan politik yg kondusif itu jg harua jadi perhatikan, apalagi sudah masuk tahun politik.!!
#FIFA23 #GanjarPranowo #PSSI #FIFAU20",1
2023-03-30 21:40:28+00:00,adhie_MCreative,Yookk puaseee #ganjar #pssi #puasa #bukber #ramadhan  https://t.co/p2HLU8FzIw,2
2023-03-30 21:34:56+00:00,afrizal_ahmad8,"Kecewa si bangat.tapi yaa...terimakasih atas perjuangan semua pihak yang berjuang bersama 
#pssi 
#pssiindonesia 
#fifa 
#pialadunia 
#sepakboladunia 
#sepakbolaindonesia 
#satset 
#BangkitBersamaET https://t.co/su0URbkYqL",3
2023-03-30 21:20:47+00:00,ardieabadi,"Tangannya di cuci yah pak biar bersih. KOCAK ANDA 

#PSSI #PialaDuniaBatalKarnaIni https://t.co/zfzyBDFng0",1
2023-03-30 21:18:50+00:00,harianganjar,"Ganjar Pranowo mengaku kecewa dengan batalnya penyelenggaraan Piala Dunia U-20 di Indonesia, Ganjar : Ya, Kecewa.

#ganjarpranowo #pilpres2024 #pemiluserentak2024 #jateng #jawatengah #pssi #fifa #indonesia #israel #Palestina https://t.co/BUzzPaHY1I",2
2023-03-30 21:17:20+00:00,catatanganjar,"""Saya baru baca dari media dan sampai tadi pagi saya tanya belum ada surat yang masuk dari FIFA ke PSSI atau pemerintah, pasti ke PSSI, bunyinya apa,"" ungkap Ganjar.

#ganjarpranowo #catatanganjar #jateng #pilpres2024 #fifa #pssi #perkembangan https://t.co/QWkTX17XPi",2
2023-03-30 21:15:04+00:00,praba_astu,"Sedihnya sampai di sini, Pak @jokowi ğŸ™

#PSSI #FIFA #FIFA23 #WorldCup2023",2
2023-03-30 21:11:30+00:00,ardieabadi,"""Perjuanganku lebih mudah karena melawan penjajah, namun perjuangan kalian akan lebih sulit karena melawan bangsa sendiri"" - Bung Karno

#FIFA #PSSI #TimnasIndonesia #PialaDuniaU20Indonesia #pialaduniau20batal https://t.co/kav6rKDMRt",3
2023-03-30 21:09:44+00:00,Pandaputih23,"Terimakasih erick thohir atas perjuangan untuk sepakbola Indonesia
#pialaduniau20 
#pssi 
#fifa 
#satsetsatset 
#sepakboladunia 
#sepakbolaindonesia 
#sepakbola https://t.co/Nss07KL77x",3
2023-03-30 21:08:30+00:00,pandusapurta6,"Terimakasih atas perjuangan semua pihak yang berjuang bersama
@erickthohir 
@erick_4best 
@konco_erickthohir 
@pssi 
@fifaworldcup 
#sepakbolaindonesia 
#sepakboladunia 
#pssi 
#pssiindonesia https://t.co/pT8pATGVtj",3
2023-03-30 21:04:46+00:00,txtbolaid,"Mimpi anak bangsa Hokky
#FIFA #PSSI https://t.co/YCLcc2yBb6",2
2023-03-30 21:01:33+00:00,belitongtoday,"FIFA Mengumumkan Pembatalan Resmi Piala
Dunia U-20 di Indonesia

Baca Selengkapnya di 
https://t.co/pO6tvwE3uQ

#FIFA 
#PSSI 
#Erick 
#Ganjar https://t.co/N22ScgyloP",1
2023-03-30 21:01:23+00:00,MNCkoranSINDO,PDIP Bela Ganjar soal Batalnya Indonesia Jadi Tuan Rumah Piala Dunia U-20 https://t.co/nYEX7DOOEX #Pssi,1
2023-03-30 21:00:10+00:00,maaaall_,"Ada yang batal,tapi bukan puasa.apaan tu
#PSSI",1
2023-03-30 20:58:04+00:00,MNCkoranSINDO,Foto Hitam Putih Media Sosial PSSI yang Penuh Arti https://t.co/vJd2Zk7EVZ #PSSI,2
2023-03-30 20:54:23+00:00,Darmawa23428413,Ini sudut pandang yg baik menurut saya .  @PSSI #PSSI #ericktohir @erickthohir  #SepakbolaIndonesia #semuaorang @semuaorangdapatmembalas https://t.co/0IvXcvtjfk,2
2023-03-30 20:47:35+00:00,CaryantoAwuy,"Nasi sudah menjadi bubur, lalu bagaimana kini selain disyukuri dgn meracik buburnya jadi enak dgn topping penyemangat, walau nanti dihidangkan harus mulai dari nol / awal lagi.
#StopPolitisasiOlahraga 
#IndonesiaBangkit 
#BangkitBersamaET
#U20Indonesia #PSSI
#FairPlay #NoRacism",3
2023-03-30 20:26:40+00:00,ASFYN_ID,"@idextratime @tempodotco @FaktaSepakbola ideologi PDIP kah jd dalang Kekuatan terbesar Penolakan israel ? tp Digoreng ke isu ISLAM Ekstrim yg udh SeCuil Upil diberantas Densusâ€
klo ideologi PDIP gk da Masalah dgn israel, Pasti Lancar"" aja tuh Piala Dunia
Emg klo soal ISRAEL, PDIP MENDADAK KADRUN ? wkwk #PSSI Golput FIFA",1
2023-03-30 20:17:09+00:00,sayyedbahtiar,"#PSMDAY Hari ini laga penentu gelar juara. Kalau menang lawan Madura, kita langsung bisa pesta juara di Makassar. Bismillan Juara! 
#psmmakassar #liga1 #PSSI",2
2023-03-30 19:53:22+00:00,Lato_bet88,"Latobet88 akan segera rilis pertanggal 01/04/2023.
Ayo Daftarkan akunmu untuk Mendapatkan Promo Freebet Rp 10.000 Untuk Deposit Pertama kali.
#latobet88
#lato88
#Bet88situsterpercaya 
#FreebetWinamax 
#freechip
#FIFA
#PSSI 
#Ganjar 
#Israel 
#kecewa 
#tambahlucu https://t.co/mlEFo18aV9",2
2023-03-30 19:47:40+00:00,masBUNG3,"Yang jelas BUNG KARNO tak melupakan sejarah jika PALESTINA adalah negara yang mendukung kemerdekaan INDONESIA ğŸ‡®ğŸ‡© 
#PSSI #WORLDCUPU20 https://t.co/aT8q53WZZR",3
2023-03-30 19:40:27+00:00,riki200002,"Serius tanya ini artinya apa? ğŸ˜­
""Ccg nasklenh jeleme ne ci""
#PSSI #Golput",2
2023-03-30 19:26:32+00:00,ASFYN_ID,"ideologi PDIP kah jd dalang Kekuatan terbesar Penolakan israel ? tp Digoreng ke isu ISLAM Ekstrim yg udh SeCuil Upil diberantas Densusâ€
klo ideologi PDIP gk da Masalah dgn israel, Pasti Lancar"" aja tuh Piala Dunia
Emg klo soal ISRAEL, PDIP MENDADAK KADRUN ? wkwk #PSSI Golput FIFA",1
2023-03-30 19:17:05+00:00,SimsonCipto,Masa iya negara tidak mampu menyelenggarakan piala dunia sehingga buat drama dan menumbalkan kader partai yang di gadang gadang capres dan cawapres.#PSSI,1
2023-03-30 19:07:43+00:00,AnnurMufih_upik,"Ya mau gimana lagi? Kacang sudah menjadi toge
#PSSI #pildun23 #puas",2
2023-03-30 19:06:16+00:00,Pablangaa,"Situs Tergacor, Teraman &amp; TerpercayağŸ‘Œ Deposit Cepat, Wd Berapapun Pasti DibayarğŸ”¥
https://t.co/JEpi1Mx9hc

#slotgacor #kanjuruhan #FIFA #Indonesia #Israel #PSSI #U20HarusJadi #GanjarPranowo #SahurBCS https://t.co/mOeiHoM3Fb",1
2023-03-30 18:47:43+00:00,KingzRis,"Bersantai dan tetap Berolahraga sambil nikmati kegaduhan ini..ğŸ˜Œ 

 #TAMBAHLUCU #DPR  #PSSI #JumatBerkah
#tenismeja #billiar #pimpong #sport #Olahraga https://t.co/TJSpbQ4s9s",3
2023-03-30 18:40:09+00:00,fruntunuwu,"@ganjarpranowo @BanhubJateng Ketika pengusulan sbg Host Pildun u20, 2 Gubernur tdb ikut tanda tangan Persetujuan daerahnya utk event tsb. Eh.... ngotot blg tdk menolak Pildun tp Israelnya ditolak. Itu sama aja.. tdk usah bermain kata2.  #Ganjar  #PSSI  #FIFA",1
2023-03-30 18:32:52+00:00,freddy_Purnama,"BERITA KOCAK!!
""PIALA DUNIA U20 GAGAL DI INDONESIA""
@akbar___ 
#PSSI #malamjumat #PialaDuniaU20Indonesia https://t.co/oX7E7c8sZS",1
2023-03-30 18:27:57+00:00,ardieabadi,"HARUS ADIL YAH JANGAN HANYA PIALA DUNI U20 SAJA KALIAN TOLAK 

#FIFA #PSSI #TimnasIndonesia #HarusAdil https://t.co/eI2Me66dGe",3
2023-03-30 18:20:19+00:00,JuandraVigo,"Mari merenung sejenak 

Untuk semua hal yang terjadi di negara kita sekarang
Untuk semua hal yang membuat kita terpecah bela
Untuk semua hal yang mengecewakan

Tetaplah ingat semboyan negara kita
Tetaplah ingat ideologi negara kita
#PSSI #pildunu20 #Ciptakerja #Indonesia https://t.co/1wP5dQWDwe",3
2023-03-30 18:09:41+00:00,HarzSteveG,"@jokowi Cuitan Gubernur Jawa Tengah, Ganjar Pranowo saat memberikan pernyataan bahwa dirinya menolak kehadiran Israel di #pialaduniau20 ğŸ˜¬

#GanjarPranowo #PSSI #FIFA https://t.co/qtafk747o3",1
2023-03-30 18:05:57+00:00,JuvriM,"Ternyata Banyak Juga Politikus Kita yg Ortodok.
#WorldCup2023 
#PSSI 
#U20WC 
#GanjarPranowo 
#iwayankoster",1
2023-03-30 18:05:10+00:00,aldie_507,Yang paling bertanggung jawab atas batal nya piala dunia u20 di Indonesia ? #PSSI #Ganjar #Golput #FIFA #pialadunia #ErickThohir #Israel,2
2023-03-30 18:00:45+00:00,indopos_id,"Ketua Umum PSSI Erick Thohir mengaku, telah berjuang maksimal saat bertemu dengan Presiden FIFA Gianni Infantino untuk mempertahankan agar penyelenggaraan Piala Dunia U-20 tetap berjalan di Tanah Air.
#timnasindonesia #pialaduniau20 #pssi #timnasday #fyp #fypã‚· #indopos https://t.co/8QOxQO5u9q",3
2023-03-30 17:59:54+00:00,ardieabadi,"Saya lebih tertarik dengan pasangan ini... ğŸ‡®ğŸ‡©ğŸ‡®ğŸ‡©ğŸ‡®ğŸ‡©ğŸ‡®ğŸ‡©

#PSSI #janganbaper #bukankampanye #PrabowoSubianto #ErickThohir #hakdemokrasi https://t.co/NWuPcOtpVh",2
2023-03-30 17:59:29+00:00,FatihFatah2022,"Jadi clear ya.. Pembatalan PIDUN oleh FIFA bukan karna penolakan team israel, tp karna tragedi sepak bola di kanjuruan. Jadi salah sasaran ente ngerujak @ganjarpranowo dan iwayan #PSSI https://t.co/JnTHGc57HI",1
2023-03-30 17:51:41+00:00,AroEltholab,"Sebaiknya ganti pelatih untuk Timnas sepakbola kita, misalnya Lionel Messi.
#PSSI",1
2023-03-30 17:47:05+00:00,VPlus6273971,"TAMBAH LUCU ğŸ¤£

#pssi 
PSSI 
Kajol 
FCK MY LIFE 
Mencuri Raden Saleh 
Israel https://t.co/4paPpMmScV",1
2023-03-30 17:26:12+00:00,sandii_ir,"â€œKan cuma sepak bolaâ€ adlh ucapan paling tolol dari seorang pejabat tinggi.
Ada 35.000 rakyat yg mengantungkan hidupnya dari sepakbola
Lantas bagaimana jika setelah ini semuanya dibekukan?
Bisakah bapak bertangung jawab pada hal hal yg katanya hanya â€œcumaâ€ tersebut?

#PSSI #FIFA",1
2023-03-30 17:23:21+00:00,nursyamsiidad,"Padahal Indonesia sampe milyaran impor senjata dari Israel. Gak ada yang protes. Giliran masalah bola sok2an bilang ini konstitusi. Chuaks
#PSSI #Israel #Kajol",1
2023-03-30 17:13:27+00:00,Posperajogja1,"SAVE #PSSI
Maju terus bapak @erickthohir 
Demi kebaikan sepakbola indonesia https://t.co/YvjKh7zTAM",3
2023-03-30 17:11:45+00:00,RezaSolimi,"batal lagi , pupus lagi harapan anak negri untuk nunjukin prestasi di pentas dunia ğŸ˜­ #PSSI #FIFAU20 #FIFAWorldCup",1
2023-03-30 17:02:22+00:00,Posperajogja1,@erickthohir Semangat Pak @erickthohir . Save #PSSI,3
2023-03-30 16:59:18+00:00,tourkarimun,"Dunia sepak bola makin gelap pemirsa...gimana nih pendapatmu @tanyakanrl 

#gelap #pssi #pildunu20 https://t.co/qy7f7B36Q3",1
2023-03-30 16:51:39+00:00,Muh_Rijal13,"Ada yang BATAL tapi bukan Puasa ğŸ¥²ğŸ‡®ğŸ‡©

#TimnasU20 #PSSI #FIFA #ErickThohir https://t.co/Y0JcQzJkpF",1
2023-03-30 16:46:04+00:00,rizkyabdillahhh,"Udah bener-bener dapet kesempatan jalur khusus, malah berujung kasus ğŸ¥²

#PSSI",1
2023-03-30 16:38:33+00:00,anglesmana_,"Mencintai Sepakbola adalah sakit yang disengaja ğŸ¥€ğŸ‡®ğŸ‡©ğŸ’” 
#wordcup #fifa #pialaduniau20 #PSSI",3
2023-03-30 16:29:04+00:00,katariksa,"Semangat untuk teman-teman timnas U20... Kalian hebat
#PSSI #erickthohir2024 #semangat #BangkitBersamaET #IndonesiaBangkit https://t.co/DcjahuZGS6",3
2023-03-30 16:23:00+00:00,bolaskorcom,"Sejumlah pilar Timnas Indonesia U-20 menumpahkan kekecewaan mereka atas dibatalkannya ajang Piala Dunia U-20 2023.

#bolaskorcom #timnasindonesia #pialadunia #pssi   

https://t.co/rl9gaZk7E8",1
2023-03-30 16:22:49+00:00,boston_wau,"Membela dan memperjuangkan hak bangsa lain tidak harus mengubur mimpi anak negeri #u20 #timnasindonesia #pssi #fifa salam damai semangat terus untuk timnas Indonesia ku..ğŸ‡®ğŸ‡©âœŠğŸ‡®ğŸ‡©

Bersama kita ğŸ‘‡
@boston_ricardo_wau 
#salamkopihitam #salamkopipahit #timnasu20 

#bostonricardowauğŸ‡®ğŸ‡© https://t.co/OzBFBc4zee",1
2023-03-30 16:19:52+00:00,sangpencarinama,"Udah berapa banyak tenaga, pikiran, materi, dan lainnya yang udah mereka habiskan untuk sesuatu yang hancur dalam sekejap mata ini ğŸ¥²
#TAMBAHLUCU
#Gelap
#PSSI
#FIFA

https://t.co/dDDyIU14jX",1
2023-03-30 16:13:44+00:00,ar_alexramandey,"Saran saya min @PSSI, kalau Pemain sudah pakai #PitaHitam, maka Official Timnas berikut Perangkat #PSSI pakai kaos berwarna hitam juga, jangan tanggung2, ekspresikan #Kedukaan ini, karena tercatat dalam sejarah Indonesia dibatalkan menjadi Tuan Rumah #PialaDuniaU20 T. 2023, Tksh",2
2023-03-30 16:12:36+00:00,edwart_Song,"Klu ada yg bilang kenapa piala Dunia U21 batal? 

Bilang aja karna Abraham kurang sabar menanti janji Tuhan

#pssi
#Israel 
#FIFA 
#FIFAU20",2
2023-03-30 16:10:14+00:00,KangJaka88,"Mayan masih dikasih JP di HK rek ğŸ¤‘ğŸ”¥
Sah JP 2D LURUS CB P1 ğŸ¤‘ğŸ’£

Monggo yang mau rumusan pasaran lain langsung wa ae rek GRATIS https://t.co/KXAY3GFucL

#angkajitu #prediksitogel #PSSI #keluarantogel #resulthk #aespa #rumustogel #hkpools #hkjitu #FIFA https://t.co/XIPDI3WhXU",1
2023-03-30 16:05:48+00:00,AlHafidz777,"Coba kalian kerutuk komentar positif kepada Presiden fifa gaes, barang kali dia berubah fikiran. @PSSI #PSSI",3
2023-03-30 16:05:36+00:00,adapa_fergusso,"Standar Ganda di FIFA dan pemerintah indonesia ??

#PSSI #indonesia #FIFA https://t.co/7dF8WOXRUG",1
2023-03-30 16:04:06+00:00,tourkarimun,@FaktaSepakbola Lupakan lah..nasi udah jadi bubur mari hiling #PSSI https://t.co/QKmVFfKGK2,3
2023-03-30 15:57:33+00:00,kangopek,"@erickthohir anda telah bekerja maksimal, lupakan jadi tuan rumah u 20, lakukan lobi lagi ke FIFA, utk merebut jadi tuan rumah piala dunia u-17, karena Israel tidak jadi peserta, dan Peru yg telah ditetapkan sbagai tuan rumah, sepertinya akan mundur
Ayo, anda Bisa ET
#PSSI",3
2023-03-30 15:56:09+00:00,pinghuni45310,"Special Ramadhan Claim Bonusnya

- Event Kaos , Parcel dan Slot
- Bonus Deposit 25 Free 25

WA : +6282164916240
LINK : https://t.co/TYTWWXLxAa

#Ganjar #FIFA #PDIP #anisd #PSSI #Kecewa #WayV_Phantom_in_JAKARTA #Palestina #Mahfud #Golput #Meisya #Arteria #Bakri #pinghuni45310 https://t.co/C9XwaHr8AD",2
2023-03-30 15:49:27+00:00,AmiruddinDanu,"2. Kedua pihak ini pula yamg menolak Timnas Israel main di Piala Dunia U-20  yang berujung dicabutnya status Indonesia sebagai tuan rumah yang susah payah Pemerintah dan PSSI perjuangkan. 

#PSSI #pialaduniau20 #TimnasU20 #FIFA",3
2023-03-30 15:47:58+00:00,AmiruddinDanu,"1. Membaca beberapa hasil survei, tingkat kepuasaan yang tinggi atas kinerja pemerintahan Jokowi itu menjadi insentif positif bagi PDIP dan bahkan Ganjar. Secara elektoral meningkat di kedua pihak. Itu valid. 
#PSSI #TimnasU20 #pialaduniau20 #FIFA",1
2023-03-30 15:34:46+00:00,anggadwiki,Dak kuat bayangke! #PSSI #kecewa #GanjarPranowo #Koster #PialaDuniaBatalKarnaIni https://t.co/o8BWzKAcm8,1
2023-03-30 15:31:07+00:00,NetworkMalang,"Dampak Indonesia Batal Piala Dunia U-20 pada Tragedi Kanjuruhan, Pengamat Sebut Berita Bagus buat Kera Ngalam #PSSI #Kanjuruhan #kerangalam https://t.co/UauZ8FNVrv",3
2023-03-30 15:26:20+00:00,Silver_taurus01,"Menurut gw tindakan yang paling keren adalah mengibarkan bendera palestina saat israel tampil di piala dunia U20 ketimbang menolak mereka. Ah iyah lupa  maklum sih mereka kan yang  paling waras dan bener ğŸ¤¡ğŸ¤¡ğŸ¤¡ğŸ¤¡ğŸ¤¡
#FIFA #PSSI #pialaduniau20 #PialaDuniaU20Indonesia",1
2023-03-30 15:22:46+00:00,agus04489039,@PSSI Masih sempet sempetnya ajig bikin kaya gini. Bgs #pssi,1
2023-03-30 15:22:35+00:00,Metro_TV,"Para crew menyambut meriah dengan tepuk tangan untuk ketiga pemain Timnas U20 Arkhan Fikri, Rabbani Tasnim, dan Tito Wiratama yang hadir di Newsroom Metro TV. Tetap semangat dan berjuang untuk sepakbola Indonesia Timnas U20!

#TimnasU20 #PialaDuniaU20 #FIFAU20 #PSSI https://t.co/XieNtHveNW",3
2023-03-30 15:22:15+00:00,Silver_taurus01,Ada cerita sekelompok oknum menolak yah*di tampil di piala dunia u 20 tapi karena kekejaman mereka terhadap palestina tapi disisi lain mereka masih menggunakan apk serta  produk yah*di ğŸ¤¡ğŸ¤¡ğŸ¤¡ğŸ¤¡ğŸ¤¡#FIFA #PSSI #pialaduniau20 #PialaDuniaU20Indonesia,1
2023-03-30 15:21:22+00:00,DelNehzra,"Piala Dunia U20 ğŸ™
jadi inget soal ppkn waktu sekolah dulu..

#pialaduniau20 
#PSSI https://t.co/CyA156YJTB",2
2023-03-30 15:21:11+00:00,Wigobet2,"Berikut Result pasaran Nusantara ( NP ) Hari ini adalah
Result  : 9371
Shio     : Ular
Kami ucapkan selamat kepada para pemenang yang beruntung.

#Wigobet #TogelNusantara #PSSI",2
2023-03-30 15:20:34+00:00,togelcc,"Hasil result pasaran Nusantara ( NP ) hari ini adalah
Tanggal :  30-Maret-2023 
Result : 9371
Shio : Ular 
selamat kepada para pemenang yang beruntung.

#resultnusantara #togelcc #PSSI",2
2023-03-30 15:18:42+00:00,Silver_taurus01,Ketika belahan dunia lain khususnya qatar siap jadi pengganti piala dunia U20 + palestina tidak mempermasalahkan israel ikut serta di ajang tersebut sementara itu sekelompok oknum ğŸ¤¡ğŸ¤¡ğŸ¤¡ ga nerima israel. Situ waras #FIFA #PSSI #pialaduniau20 #PialaDuniaU20Indonesia,1
2023-03-30 15:16:25+00:00,dibainf,"@AltoLuger apapun omongan bungkarno hormati, cukup hormati aja. tapi juga hormati palestina, negara arab ygmau bermain sepakbola dgn Israel.. Negara arab sdh byk normalisasi hub dg Israel. #PSSI Indonesia harus setara dgn Palestina dan Negara arab.  Ranking Plstine vs RI jauhğŸ‘‡ https://t.co/GneEqTvMWx",3
2023-03-30 15:12:22+00:00,Portal_PWT,"Hokky Caraka salah satu punggawa timnas Indonesia ikut berkomentar pedas yang ditujukan kepada Ganjar Pranowo yang menolak kedatangan Israel sebagai peserta Pildun U 20.

#PialaDuniaU20 #FIFA #PSSI #HokkyCaraka #GanjarPranowo https://t.co/cuXV1oElnK",1
2023-03-30 15:11:46+00:00,Portal_PWT,"Kekecewaan tengah melanda netizen terkait gagalnya Indonesia menjadi tuan rumah Piala Dunia U 20. Salah satu tokoh yang diserang netizen adalah Ganjar Pranowo.

#PialaDuniaU20 #FIFA #PSSI #HokkyCaraka #GanjarPranowo https://t.co/qIT0ohhuC7",1
2023-03-30 15:11:35+00:00,LPMIndustria,"Keputusan FIFA tersebut juga didasari oleh pertimbangan situasi terkini, Situasi yang bagaimanakah itu sehingga dinilai membahayakan ajang piala dunia ini?

https://t.co/dhBhN7aNTr

#pialaduniau20 #fifa #u20 #timnas #ganjar #pssi #lpmindustria2023 https://t.co/BCmkD9s3M4",3
2023-03-30 15:10:00+00:00,mediaindonesia,"PSSI akan menyiapkan langkah-langkah agar sepak bola Indonesia tak diganjar sanksi berat. #MediaIndonesia #ReferensiBangsa #PSSI

Sumber: https://t.co/kvYFrDmCCv",3
2023-03-30 15:05:17+00:00,KMufadhol,"Ada yang BATAL tapi bukan PUASA...
#FIFAU20 #PSSI #pialaduniau20",2
2023-03-30 15:04:38+00:00,Galih_pmks,"Semangat pak Erick Thohir, mimpi mereka mimpi kita semua.
#erickthohir #U20 #pssi https://t.co/llCAUZBDOB",3
2023-03-30 15:03:48+00:00,Agamsyah1998,"Semangat pak Erick Thohir, mimpi mereka mimpi kita semua.
#erickthohir #U20 #pssi https://t.co/xgVmvbMztZ",3
2023-03-30 15:02:04+00:00,OfficialiNewsTV,"Gubernur Bali, I Wayan Koster, akhirnya buka suara soal alasannya menolak Timnas Israel berlaga di Bali. KPJ

Selengkapnya:
https://t.co/Edx7BZWLBC

#iNews #GubernurBali #IWayanKoster #Denpasar #TimnasIsrael #PialaDuniaU202023 #News #TimnasIndonesia #InfoBola #PSSI #SepakBola https://t.co/7osZvl2uk4",1
2023-03-30 15:00:19+00:00,zona_raya,"Batal jadi Host Piala Dunia U-20, Wali Kota Surabaya Eri Cahyadi Gercep Izinkan Persebaya Main di GBT
@BanggaSurabaya @persebayaupdate 
#PSSI #pialaduniau20
#FIFA #Israel
https://t.co/Ih361xfN28",2
2023-03-30 14:55:55+00:00,zuliansyahadam,"PSSI GELAP
@PSSI 

Semoga di dalam kegelapan ini, kita dapat penerangan di masa yang akan datang. ğŸ‡®ğŸ‡©

#merdeka #gelap #pssi #kecewa #marah #pialaduniau20 #wc20 #indonesia https://t.co/V92bldhCHN",3
2023-03-30 14:55:20+00:00,zona_raya,"Elektabilitas Ganjar Pranowo Diprediksi Jeblok Dampak Piala Dunia U-20 Batal, Pengamat: Kena Jebakan Batman
#GanjarPranowo #pialadunia 
#FIFA #Israel #pialaduniau20
#PSSI
@e100ss @WarkopPituLikur
@PSSI @ganjarpranowo
https://t.co/JAMSqhXpSM",1
2023-03-30 14:53:56+00:00,gusadeprapta,"antara sepakbola dan kemanusiaan 

#PialaDuniaU20Indonesia 
#pssi https://t.co/SoJlRLKnoJ",3
2023-03-30 14:52:22+00:00,ArasyFatih,FIFA lebih memilih penjajah dari pada Indonesia.. terima kasih FIFA. Dengan ini kita semakin tau FIFA itu siapa.. musuh bersama.. #pildunu20 #PSSI,1
2023-03-30 14:49:07+00:00,Metro_TV,"Malam ini, 3 pemain Timnas U20 yakni Arkhan Fikri, Rabbani Tasnim, dan Tito Wiratama menghadiri undangan wawancara di beberapa acara Metro TV. Kedatangannya ini disambut hangat para crew yang ada di Newsroom Metro TV.

#TimnasU20 #PialaDuniaU20 #FIFAU20 #PSSI https://t.co/AGmJWUzVEa",2
2023-03-30 14:48:43+00:00,ilhamfadli47,"Jauh Melangkah akan finish di tujuan.
Serpihan dan Lubang_lubang akan mengokohkan langkah sampai di finish.
#Bholaa #IlhamFadli #FIFA #Pssi #TATAIPL #IYE #Survivor https://t.co/11CGWW7odb",2
2023-03-30 14:48:23+00:00,sportsarenaid,Sakit tapi tak berdarah #PSSI,1
2023-03-30 14:45:18+00:00,AlfaneRizky,"Semangat pak Erick Thohir, mimpi mereka mimpi kita semua.
#erickthohir #U20 #pssi https://t.co/RuQayhXKoV",3
2023-03-30 14:43:53+00:00,WalujoRaka,"Bismillah ikhtiar @erickthohir  membawa berkah untuk Indonesia.

Besar harapan kami, @erickthohir dapat kembali selamatkan sepak bola Indonesia. 

#erickthohir #sepakbola #fifa #ketumpssi #pssi #pialadunia #pialaduniau20 #sanksi #timnas #timnasu20 #garudamuda #ligaindonesia https://t.co/mImAdzaKB5",3
2023-03-30 14:43:36+00:00,NetworkMalang,"Ganjar Pranowo Tak Mampu Baca Pikiran Jokowi, Rocky Gerung: Soekarno Kaget kok Namanya Dibawa-bawa #Ganjar #FIFA #PSSI https://t.co/vUlQBNHaoi",1
2023-03-30 14:42:09+00:00,ThotokPamungkas,"Beri saya 10 pemuda maka akan kuguncang dunia
Dan beri saya 11 pemuda maka akan saya hancurkan mimpi-mimpinya.......
#PSSI",3
2023-03-30 14:41:23+00:00,OfficialiNewsTV,"Pelatih Timnas Indonesia U-20, Shin Tae-yong, menyebut timnya masih berpeluang tampil di Piala Dunia U-20 2023. KPJ

Selengkapnya:
https://t.co/V5LXuUznwv

#iNews #ShinTaeyong #TimnasIndonesia #News #PialaDuniaU20 #ZainudinAmali #InfoBola #PSSI #SepakBola https://t.co/k8v1sip3Jr",3
2023-03-30 14:40:58+00:00,BambangJonn,"Besar harapan kami, @erickthohir dapat kembali selamatkan sepak bola Indonesia. Selamat berjuang kembali pak

#erickthohir #ericksolusi #ketumpssi #pssi #pialadunia #pialaduniau20 #fifa #sepakbola #sepakbolaindonesia #timnas #timnasu20 #liga1 #liga2 #liga3 #ligaindonesia https://t.co/coOmPMpqSH",3
2023-03-30 14:38:03+00:00,HanserNalle,"FIFA memBATALkan world cup U20 yg penting PUASA TIDAK BATAL, yg pasti
1.Israel tetap main Bola 
2.Palestina tetap di jajah Isreal
3. Indonesia hanya main tik tok 
#worldcupu20 #Israel #Palestine #puasa #batal #nkrihargamati #PSSI #TikTok #Sepakbola",1
2023-03-30 14:35:09+00:00,dibainf,"@hand_oy @AltoLuger apapun omongan bungkarno hormati, cukup hormati aja. tapi juga hormati palestina dan negara arab ygmau bermain sepakbola dgn Israel.. Negara arab sdh byk normalisasi hub dg Israel. #PSSI Indonesia harus setara dgn Palestina dan Negara arab.  RankingğŸ‘‡ https://t.co/IJ7EwpU9G3",3
2023-03-30 14:26:46+00:00,mcboy_steve,"Indonesia tanpa sepakbola (mungkin) lebih indah,, mungkin ya,, #fifaworldcupu20 #bangsat #GanjarPranowo #iwayankoster #PSSI #kecewa",3
2023-03-30 14:26:42+00:00,citracitra03,"semangat sayang puasa nyah ğŸ˜
#Ramadhan #EidMubarak #PSSI #puasa #jaksel #alshadnissyaa #viralindo #tranding #Ringbet88 #epicwin88 #bandung #jakartapusat https://t.co/0IcG2GqaIo",2
2023-03-30 14:26:19+00:00,intelcore1608_,"Anak2 timnas u20 sing sabar ya, tetap semangat. Jalanmu masih panjang. Buktikan bahwa kalian pantas masuk ke pildun, bukan jalur tuan rumah tapi melalui kualifikasi. Kalahkan dulu thailand Malaysia vietnam.... Itu yg terdekat. 
#pssi #U20Indonesia #ayoindonesia #ea",3
2023-03-30 14:18:30+00:00,AdeFauzyAhmad,Mimpi Mereka Mimpi Kita Semua #WorldCup2023 #FIFA23 #FIFA #PSSI #BangkitBersamaET https://t.co/eKTGzoQdB5,3
2023-03-30 14:17:50+00:00,palitamimi7,"Merah Selalu Menarik ğŸ“
#cantikalami #idamanpria #idaman #cantikalami #abgcantik  #mahmud #PSSI #Kecewa #Golput 
#gadiscantik #gadismontok #abg #bikinimodel https://t.co/PpsbrqI2rV",2
2023-03-30 14:14:38+00:00,GemoyHoki,"ğŸ²PREDIKSI POIPET 22ğŸ²
KAMIS, 30 MARET 2023

ğŸ”¥UTAMAKAN PREDIKSI SENDIRI ğŸ”¥

Info Prediksi Pasaran Lainnya bisa langsung WA ke 0813 6493 5124
#prediksipoipet22 #prediksipoipethariini #togelhariinii #angkamainpoipet22 #togel #togelkuat #togelp22 #erickthohir #israel #mahfud #pssi https://t.co/VlL92tiyuD",1
2023-03-30 14:14:30+00:00,KangSokBijak,"Kogg sepi sih ...

#PSSI #MahfudMD",2
2023-03-30 14:13:25+00:00,Taqi_Latanro,"ibarat sebuah hubungan , ikatan Sepakbola IDN dgn Suporter udah Toxic bgt . 
Berulang kali dikecewain lalu berharap lagi &amp; lagi dihempas 

dahlah mungkin ikatan itu perlu berjarak &amp; sejanak tak peduli 

#PSSI",2
2023-03-30 14:10:30+00:00,medcom_id,"Berikut ini, adalah beberapa kerugian yang dialami Indonesia usai batal menjadi tuan rumah Piala Dunia U-20

#FIFA #U20 #PialaDuniaU20 #GanjarPranowo #PSSI 

https://t.co/rqKTHHkTRb",1
2023-03-30 14:10:27+00:00,ardnersutjipto,"Begitu berat rintangan ketum PSSI. Bismillah ikhtiar beliau membawa berkah untuk Indonesia.

Doa kami menyertai ikhtiarmu pak @erickthohir 

#pialaduniau20 #PialaDuniaU20Indonesia #pialadunia #PSSI #FIFA #TimnasU20 #TimnasIndonesia #garudamuda https://t.co/1kdaUn4YxD",3
2023-03-30 14:07:40+00:00,PresidenThom27,"Dengarkan Curahan Hati Anak Bangsa. Para Pejabat seharusnya tidak bicara POLITIK DALAM OLAHRAGA. Anak - Anak Bangsa ini sedang Berteriak, Sekarang Anda Sibuk menyalahkan orang lain. #PSSI #FIFA #pialaduniau20 #MimpiAnakBangsaDikubur #SelamatkanSepakBolaIndonesia",3
2023-03-30 14:06:46+00:00,mzaenury11,"Setelah fifa mengumumkan status tuan rumah Indonesia akan dicabut, para penggemar sepak bola Indonesia
#Israel 
#PSSI 
#Kecewa
#TimnasU20 

https://t.co/Ug6a6utsY3",2
2023-03-30 14:06:19+00:00,Ringbet88,"semangat sayang puasa nyahğŸ¥°
#Ramadhan #EidMubarak #PSSI #puasa #jaksel #alshadnissyaa #viralindo #tranding https://t.co/i77nd6g1eT",2
2023-03-30 14:05:20+00:00,Hoki1881_,"Hoki1881 Daftar Situs Agen Mpo Slot Casino Terbesar

ğŸ”¥FREEBET 20 Rb
ğŸ”¥Chat

https://t.co/EUhVW54JOg
#hoki1881 #mposlot #freebet #agenslotonline #slotdepositpulsa #bonusnewmember #fifa #israel #nyalainaja #hfb2023 #lisaxceline #harifilmnasional #pssi #vcs #puasa #ramadhan https://t.co/ewOQxGEFxz",1
2023-03-30 14:04:21+00:00,8Gacor,"Situs Anti Kapok/ Proses Cepat/ Depo DANA/ Depo Pulsa Tanpa Potongan/TO kecil/Bebas Buy Spin
#88cepat #pialadunia #situstergacor #tiara #kecewa #golput #mahfud #2,5M  #ErickThohir #tambahlucu #pssi https://t.co/6VdEJmwAPc https://t.co/eaPtSi1KSS",1
2023-03-30 14:04:05+00:00,yabbes11,"Mimpi itu tetap harus dikejar dan kesempatan besar itu pasti akan datang kembaliâœŠğŸ»

Tetap semangat, Garuda mudağŸ‡²ğŸ‡¨
#PSSI https://t.co/sMTtbmcvkt",3
2023-03-30 14:04:05+00:00,herdikums_,"Si paling gama salah, dimana pun ituğŸ¤£ #BayKEMALdeBirlestik #Bholaa #RamNavami #TATAIPL #ì€ìš°ì˜_ëª¨ë“ ë‚ ì´_ì°¬ë€í•œ_ë´„ì´ê¸¸ #Dasarareview #à¹€à¸ˆà¸¡à¸µà¹„à¸™à¸™à¹Œ #pssi #PialaDuniaBatalKarnaIni https://t.co/07WNHMggKI",1
2023-03-30 14:04:03+00:00,terkinidotid,"Batal Piala Dunia U-20 di Indonesia, PDIP Dukung PSSI Bangun dan Kembangkan Sepak Bola: Federasi sepakbola dunia atau FIFA secara resmi mencabut status Indonesia sebagai tuan rumah Piala Dunia U-20.. https://t.co/3i9gv19jr2 #Nasional #pialaduniau20 #Indonesia #PDIP #PSSI",2
2023-03-30 14:01:51+00:00,patriaabima,"SA LEBIH PERCAYA MAS TONI. #PSSI #WORLDCUP #Indonesia @PSSI @FIFAcom 

https://t.co/J30PxzZAAh",2
2023-03-30 13:57:52+00:00,lensaRTV,"Pemain tim nasional U-20 Indonesia kompak menggunakan pita hitam di lengan kiri. Pita itu menjadi simbol duka batalnya Garuda Muda berlaga di Piala Dunia U-20.

#pialadunia #pialaduniau20 #worldcup #u20worldcup #fifa #pssi #timnasindonesia #sepakbola #sepakbolaindonesia https://t.co/w1k3JR0Eva",2
2023-03-30 13:57:50+00:00,glaxcq,Sejumlah karangan bunga menghiasi kantor #PSSI siang ini efek pencabutan status tuan rumah Piala Dunia U20..,3
2023-03-30 13:56:24+00:00,mzaenury11,"Badan sepak bola dunia, fifa, memastikan akan mencabut mandat Indonesia sebagai tuan rumah Piala Dunia U-20 2023.
#Israel 
#PSSI 
#kecewa 
#TimnasU20 

https://t.co/Ug6a6utsY3",1
2023-03-30 13:55:50+00:00,BantenHay,"PembatalanÂ IndonesiaÂ sebagai tuan rumah pada perhelatan piala dunia FIFA U-20 tahun 2023 tentu mendapatkan kekecewan besar dari dunia sepak bola tanah air...

https://t.co/UNXIjKgsFm

#banten #bantenhay #edukasi #aktual #mediabanten #infoedukatif #pssi #fifa #pialaduniau20",1
2023-03-30 13:52:12+00:00,vikawhyd,"Marhaban ya ramadhan semuanyağŸ™ğŸ»
Cuman mau ingetin kalian jangan lupa klo lgi keluar bukber sm temenâ€ matiin dl lampu, stop kontak dn cabut semua colokan ya
#TipsListrik
#PSSI #ErickThohir https://t.co/z9em2GGctL",2
2023-03-30 13:50:31+00:00,oji_saeroji,Sisi lain #TimnasU20 #PSSI https://t.co/WTzohDla9b,2
2023-03-30 13:50:05+00:00,BantenHay,"Inikah pertanda buruk bagi masa depan sepeabola Indonesia dariÂ Ketua Umum PSSIÂ Erick ThohirÂ yang mengunggah foto hitam di akun instagramnya, pada Kamis, 30 Maret 2023...

https://t.co/DVF0KuRjlP

#banten #bantenhay #edukasi #aktual #mediabanten #fifa #pssi #pialaduniau20",1
2023-03-30 13:49:24+00:00,arbanieMyusuf,"@pssi apa ga niat nanti gelar uji coba nya lawan israel tapi di tempat netral.?
Kita liat apa bakal ada yg nolak.
#PSSI",1
2023-03-30 13:46:05+00:00,AamKhairul27709,"sangat di sayangkan ya indonesia tidak dapat menjadi penyelenggara dari piala dunia u20 :(((

#viral #sepakbola #pssi #garuda",1
2023-03-30 13:45:54+00:00,AssZoel,"Amiiiin.... Allahuma Amiiiinnn....
Ya Rabbal Alamiiin.....ğŸ¤²ğŸ¤²ğŸ¤²ğŸ¤²
Insya Allah sesuai dgn apa yg di harapkan....
Saya rakyat Indonesia mendo'a kan....
Semoga berhasil pak #ErickThohir  dan #PSSI https://t.co/yeCs7mFsw8",3
2023-03-30 13:43:48+00:00,galeri_mq,"Sepakbola Indonesia udah di tolak FIFA
Tapi jangan sampai ngaji kita terhambat karena puasa

#FIFA #PSSI #Israel #TimnasU20 #pialaduniau20",2
2023-03-30 13:41:52+00:00,BenYay4,"Kita bukan GAGAL jadi tuan rumah, Tapi kita BERHASIL mengusir penjajah ilegal masuk ke Negri. Cobalah ubah cara fikir &amp; pandang, spy jd bangsa besar, berwibawa &amp; disegani. 
#FIFA #Israel #Indonesia #PSSI",1
2023-03-30 13:35:58+00:00,BantenHay,"Presiden Joko Widodo (Jokowi) sampaikan pernyataan usai Indonesia batal menajdi tuan rumahÂ Piala Dunia U-20...

https://t.co/4kZMVhLFsx

#banten #bantenhay #edukasi #aktual #mediabanten #infoedukatif #info #hits #viral #beritaviral #beritaterbaru #fifa #pssi #pialaduniau20",2
2023-03-30 13:35:58+00:00,alluasli,"Mimpi anak bangsa yang kalian gilas dengan keangkuhan 
#PSSI 
#kecewa
#WorldCupU20",1
2023-03-30 13:35:35+00:00,CryptoKuta,"Kita Semua Korban Badut Badut Politisi Negeri ini...

#keepfight #keepmoving #pssi #ErickThohir",1
2023-03-30 13:34:39+00:00,kingmikato,"Yang katanya nolak kok tiba2 nyesel

#PSSI #U20",1
2023-03-30 13:33:46+00:00,mametsayko,"Doa orang2 teraniaya terkabul, tapi lupa akan doanya? Bahkan menyesali doanya, ada~ 
#PSSI https://t.co/tXj3tcf1NU",1
2023-03-30 13:32:17+00:00,ardieabadi,"BANGKITLAH SANG GARUDA MUDA, TERUSLAH TERBANG TINGGI @PSSI
@erickthohir  @timnasindonesia @skuatgaruda
#FIFA #PSSI #TimnasIndonesia #TimnasU20 #PialaDuniaU20Indonesia #pialduniau20batal https://t.co/spwW9OSEax",3
2023-03-30 13:31:23+00:00,alhanis17,"Saya kecawa karena dia rangkap jabatan. Boro mikir ini. Boro mikir itu....bukan ahlinya.

#PSSI",1
2023-03-30 13:31:00+00:00,Leo_MTV,Tetap semangat Garuda Muda #PSSI #u20 https://t.co/3CBkrVCxcU,3
2023-03-30 13:28:52+00:00,yaudahhhgapapa,"anak muda yang hanya ingin mewujudkan mimpinya, dan ingin membuat indah masa depannya tapi terhalang oleh petinggi"" negerinya sendiri.
#pssi
#U20 
#savefootballindonesia",3
2023-03-30 13:23:29+00:00,JambiDinamika,"Makin bikin geram, publik meminta I Wayan Koster agar pergi ke Palestina dan ikut berperang

#gubernurbali #coretisrael #batal
#PSSI #kecewa #FIFA #PialaDuniaBatalKarnaIni

https://t.co/UKkXyUmqxv",1
2023-03-30 13:22:41+00:00,JemberNetwork,"5 fakta menarik di balik polemik pembatalan Indonesia sebagai tuan rumah Piala Dunia U-20 oleh FIFA.
#PialaDuniaU20Indonesia #pialaduniau20 #PSSI
https://t.co/6q015vQAvj",2
2023-03-30 13:21:49+00:00,TheRagielsMusic,"Janganlah berlarut-larut dalam kesedihan, tersenyumlah, bangkit dan tetap tegakkan kepala.' Masa depan masih panjang dan cerah, Semangat Garuda Indonesia!! ğŸ‡®ğŸ‡©
#timnasday #TimnasU20 #pialaduniau20 #PialaDuniaU20Indonesia #PSSI #masafana https://t.co/WDFi0zeBwa https://t.co/RZN2tU4fVi",3
2023-03-30 13:20:15+00:00,mzaenury11,"Pupus sudah mimpi Punggawa Timnas Garuda bela Indonesia di Piala Dunia
#Israel 
#Mahfud 
#PSSI 
#TimnasU20 
#kecewa 

https://t.co/guGbWp5oow",1
2023-03-30 13:19:52+00:00,TarungHobby,Puas lo kadrun sialan anjing... #Qatar #ErickThohir #TAMBAHLUCU #pialaduniau20 #PSSI https://t.co/SyjWHUL6os,1
2023-03-30 13:12:44+00:00,fajaronline,"Indonesia Batal Jadi Tuan Rumah Piala Dunia U-20, Jokowi: Jangan Habiskan Energi Saling Menyalahkan https://t.co/y7qNZwHbXo #ErickThohir #Jokowi #PialaDuniaU-20 #PSSI",2
2023-03-30 13:12:26+00:00,blackhammer127,"#PSSI #fifa #GanjarPranowo 
Gak cuma di sepak bola aja ternnyta",1
2023-03-30 13:07:23+00:00,Ridaaisyah11,Sikap PDI Perjuangan soal Israel Tak Ada Kaitan dengan Politik Elektoral #FIFA #PSSI https://t.co/anKbIVl12k,1
2023-03-30 13:04:56+00:00,rickymuhammad66,"Banyakan mana Fans Timnas Indonesia atau Fans si anu tuh yg menolak. Piye to Pak @ganjarpranowo @erickthohir mas bro @gibran_tweet #koster
#ErickThohir 
#GanjarPranowo 
#pssi",2
2023-03-30 13:04:19+00:00,acehsrikandi1,"KITA HARUS TAHUğŸ¤”
#Mahfud
#Kecewa
#ErickThohir
#PSSI
#Ganjar
#PDIP
#Israel https://t.co/7dRQVJ52Tw",2
2023-03-30 13:03:24+00:00,acehsrikandi1,"KITA HARUS TAHUğŸ¤”
#Mahfud
#Kecewa
#ErickThohir
#PSSI
#Ganjar
#PDIP
#Israel https://t.co/suB8SiU8S0",2
2023-03-30 13:03:08+00:00,acehsrikandi1,"KITA HARUS TAHUğŸ¤”
#Mahfud
#Kecewa
#ErickThohir
#PSSI
#Ganjar
#PDIP
#Israel https://t.co/FMLsAnXzew",2
2023-03-30 13:03:05+00:00,Callmebabon,"Ini menurut pandangan saya yaa 
#Sepakbola #PialaDuniaBatalKarnaIni #pialaduniau20 #PialaDuniaU20Indonesia #pialaduniau20harussukses #PSSI #viral https://t.co/gr1c7bruYA",2
2023-03-30 13:02:50+00:00,acehsrikandi1,"KITA HARUS TAHUğŸ¤”
#Mahfud
#Kecewa
#ErickThohir
#PSSI
#Ganjar
#PDIP
#Israel https://t.co/61avIDlre9",2
2023-03-30 13:02:35+00:00,acehsrikandi1,"KITA HARUS TAHUğŸ¤”
#Mahfud
#Kecewa
#ErickThohir
#PSSI
#Ganjar
#PDIP
#Israel https://t.co/AGG3Srf7Gm",2
2023-03-30 13:02:21+00:00,acehsrikandi1,"KITA HARUS TAHUğŸ¤”
#Mahfud
#Kecewa
#ErickThohir
#PSSI
#Ganjar
#PDIP
#Israel https://t.co/gFqWcpGImn",2
2023-03-30 13:02:04+00:00,acehsrikandi1,"KITA HARUS TAHUğŸ¤”
#Mahfud
#Kecewa
#ErickThohir
#PSSI
#Ganjar
#PDIP
#Israel https://t.co/pZeiUej39K",2
2023-03-30 13:01:55+00:00,Jancook_172,"Siapa yang pernah coba SPACEMAN mudah banget jackpotnya di YUK69 pada menu Game Lain atau Other Game. Jangan lupa untuk update info RTP lengkapnya pada bio @Jancook_172 

DAFTAR MUDAH : https://t.co/MCyVSNCmxO

#YUK69
#SitusPalingGacor
#FIFA
#PSSI
#JawaraTanpaBatas https://t.co/8FDGikM9Oz",1
2023-03-30 13:01:10+00:00,acehsrikandi1,"KITA HARUS TAHUğŸ¤”
#Mahfud
#Kecewa
#ErickThohir
#PSSI
#Ganjar
#PDIP
#Israel https://t.co/oSek2yaXGZ",2
2023-03-30 13:00:56+00:00,acehsrikandi1,"KITA HARUS TAHUğŸ¤”
#Mahfud
#Kecewa
#ErickThohir
#PSSI
#Ganjar
#PDIP
#Israel https://t.co/EJ231eMHmX",2
2023-03-30 13:00:01+00:00,validnewsid,"Pengamat Sepak Bola dari Save Our Soccer, Akmal Marhani, menilai pembatalan Indonesia sebagai tuan rumah Piala Dunia U-20 sebagai bencana besar imbas dari ego kepentingan segelintir kelompok.

#pialadunia #fifa #pialaduniau20 #pssi #sepakbola #indonesia #beritbola #Visixty https://t.co/wP1WBhpB9Y",1
2023-03-30 13:00:01+00:00,GOAL_ID,"Kini, Indonesia berharap tidak ada hukuman lebih lanjut dari FIFA terkait pembatalan status tuan rumah ini.

Jokowi memastikan, #PSSI akan berusaha supaya hal itu tidak terjadi.

#Indonesia #PialaDuniaU20 #IndonesiaU20 https://t.co/juh0lSiMCG",3
2023-03-30 12:55:40+00:00,blackholeblack_,"sepakbola keren nggak ngejamin negaranya maju juga dong,buktinya brazil masih juga jd negara berkembang(blm maju).
semangat @erickthohir berbenah yuk mulai dari diri sendiri..minimal kalo liat bola pake helm dulu,patuhi lalulintas,no anarkis..harapan masih  panjang
#pssi #fifa https://t.co/Wax1s9WQcf",3
2023-03-30 12:48:46+00:00,sahabatdotkom,"Pernyataan Presiden Jokowi terkait pembatalan Piala Dunia U-20 di Indonesia

#jokowi #PialaDuniaBatalKarnaIni #pialaduniau20 #PSSI #ErickThohir #FIFA #FIFAU20 #fifaworldcupu20 #WorldCup https://t.co/VpjXfqd2pd",3
2023-03-30 12:46:15+00:00,WalujoRaka,"Jangan khawatir adik-adik, ada waktunya kita bisa tunjukan pada dunia kalau INDONESIA BISA. Semoga ini yg terakhir ada kasus yg merugikan seperti ini.

#timnas #timnasu20 #pialadunia #pialaduniau20 #pssi #sepakbola #sepakbolaindonesia #liga1 #Liga2 #liga3 #ligaindonesia #fifa https://t.co/MlomwZuGGA",3
2023-03-30 12:45:47+00:00,Josh_NU,Kolom 17 GMIM Eklesia Kalasey turut bersedih Indonesia kehilangan kesempatan berpartisipasi di Piala Dunia U-20. Siap dukung Pak Erick !!!! #PialaDuniaU20Indonesia #PSSI #ErickThohir,3
2023-03-30 12:45:06+00:00,ZTachinardi,Orang yg gk ngrti bola sok2 an ngomong bola.. Organisasi sekelas FIFA mau di di ajak kompromi.. Pye toe Nur gubernur.. Ingin ku teriaaak j*ncooooook #à¹à¸šà¸™à¸ªà¸¸à¸à¸£à¸£à¸“à¸«à¸‡à¸ªà¹Œ #SupremeCourt #pssi #WorldCup #eriktohir,1
2023-03-30 12:42:58+00:00,FaisalS29807427,"Salut sama sihh calon presiden, rela mengorbankan mimpi anak bangsa demi melindungi mimpi bangsa lain.
Saluttt sama pengorbanan kalian yang telah mengorbankan mimpi anak bangsa
#PSSI
#TIMNASINA
#U20",1
2023-03-30 12:41:06+00:00,MaczMan_Cpl,"ğ™ğ™€ğ™ğ˜¼ğ™‹ ğ™ğ™€ğ™ˆğ˜¼ğ™‰ğ™‚ğ˜¼ğ™ ğ™‚ğ˜¼ğ™ğ™ğ˜¿ğ˜¼ ğ™ˆğ™ğ˜¿ğ˜¼

#pssi #erickthohir #themaczmancpl #themaczmanindonesia #maczmanindonesia #maczgirl #garudamuda https://t.co/ncAvf7guxE",3
2023-03-30 12:36:03+00:00,Beritabaruco,Shin Tae-yong Ungkap Kerugian Indonesia Karena Batal Jadi Tuan Rumah Piala Dunia U-20 https://t.co/vw1atqyVBr #FIFA #PialaDuniaU20 #PSSI #ShinTaeyong #TimnasIndonesia https://t.co/UccCi9CzXO,2
2023-03-30 12:35:21+00:00,tuarita_emy,"Kasian ya sia2 perjuangn merka slama 2taon lebih agar bisa tampil....tapi nyta nya malh bikin nyesek 
#TimnasIndonesia 
#PSSI
#FIFA23",1
2023-03-30 12:32:54+00:00,NetworkMalang,"Teka-teki Terjawab, Kenapa FIFA Tak Sebut Israel di Surat Pembatalan Indonesia #FIFA #PSSI #Palestina https://t.co/ToA7OEQ5Ff",2
2023-03-30 12:32:44+00:00,putuagenggribig,BUKA BERSAMA GOLKAR INSTITUTE #GolkarIndonesia #AirlanggaHartarto #ramadhan #bukabersama #bukber #fyp #viral #trending #pssi #FIFA #PIALADUNAU20 https://t.co/ghYirIfbsK,1
2023-03-30 12:31:25+00:00,BoscoTaa2,"Media indo cuma nyari rating aja. Sebelum disanksi mereka tidak pernah mengundang pemain timnas atau ahli olahraga. Malah ngundang org yg tdk kompeten dan bikin kisruh. Setelah dibanned baru undang  pemain u-20, dan org yg berkompeten. Mreka pura-pura sedih
Asuuu
#fifa
#PSSI",1
2023-03-30 12:30:32+00:00,LLUuiii_,"Joki Tugas, Makalah, Materi Presentasi/PowerPoint, Project individu, Bimbingan Belajar IPA/Biologi

Pengalaman, (Magister Sains) Dosen BiologiğŸ˜Š

Bisa DM, Harga bersahabat, Start from 3000 per nomor TugasğŸ˜Š
#ErickThohir  #PSSI #Israel",1
2023-03-30 12:29:53+00:00,LLUuiii_,"Joki Tugas, Makalah, Materi Presentasi/PowerPoint, Project individu, Bimbingan Belajar IPA/Biologi

Pengalaman, (Magister Sains) Dosen BiologiğŸ˜Š

Bisa DM, Harga bersahabat, Start from 3000 per nomor TugasğŸ˜Š
#ErickThohir #PSSI #Israel",1